"","Bahia de Tortugas","Buzos y Pescadores","California de San Ignacio","Emancipacion","La Purisima","Leyes de Reforma","Progreso","Punta Abreojos","Isla Cedros"
"Bahia de Tortugas",0,34.366848384306,97.1832782083752,48.2088617053151,42.8946000512912,129.11862655832,158.769081708238,200.810619058415,72.445698034243
"Buzos y Pescadores",34.366848384306,0,131.290012468962,82.2735222749227,57.5685815078008,163.343281807234,193.046239737912,235.061025860839,45.481099588953
"California de San Ignacio",97.1832782083752,131.290012468962,0,49.0186586822875,107.926109863833,32.260914703393,62.0887285164531,103.902435767065,166.939076629123
"Emancipacion",48.2088617053151,82.2735222749227,49.0186586822875,0,66.8577329676844,81.1046467527891,110.864931314617,152.828016651333,119.081272222457
"La Purisima",42.8946000512912,57.5685815078008,107.926109863833,66.8577329676844,0,136.171139797246,163.635889754583,204.900767405293,68.1490295792459
"Leyes de Reforma",129.11862655832,163.343281807234,32.260914703393,81.1046467527891,136.171139797246,0,29.8278507004154,71.7238714735219,197.842020897593
"Progreso",158.769081708238,193.046239737912,62.0887285164531,110.864931314617,163.635889754583,29.8278507004154,0,42.0750868764809,226.766034540548
"Punta Abreojos",200.810619058415,235.061025860839,103.902435767065,152.828016651333,204.900767405293,71.7238714735219,42.0750868764809,0,268.707131743735
"Isla Cedros",72.445698034243,45.481099588953,166.939076629123,119.081272222457,68.1490295792459,197.842020897593,226.766034540548,268.707131743735,0
